-- phpMyAdmin SQL Dump
-- version 4.5.1
-- http://www.phpmyadmin.net
--
-- Host: 127.0.0.1
-- Generation Time: Dec 31, 2017 at 12:27 PM
-- Server version: 10.1.9-MariaDB
-- PHP Version: 5.6.15

SET SQL_MODE = "NO_AUTO_VALUE_ON_ZERO";
SET time_zone = "+00:00";


/*!40101 SET @OLD_CHARACTER_SET_CLIENT=@@CHARACTER_SET_CLIENT */;
/*!40101 SET @OLD_CHARACTER_SET_RESULTS=@@CHARACTER_SET_RESULTS */;
/*!40101 SET @OLD_COLLATION_CONNECTION=@@COLLATION_CONNECTION */;
/*!40101 SET NAMES utf8mb4 */;

--
-- Database: `spec_it`
--

-- --------------------------------------------------------

--
-- Table structure for table `migrations`
--

CREATE TABLE `migrations` (
  `id` int(10) UNSIGNED NOT NULL,
  `migration` varchar(191) COLLATE utf8mb4_unicode_ci NOT NULL,
  `batch` int(11) NOT NULL
) ENGINE=InnoDB DEFAULT CHARSET=utf8mb4 COLLATE=utf8mb4_unicode_ci;

--
-- Dumping data for table `migrations`
--

INSERT INTO `migrations` (`id`, `migration`, `batch`) VALUES
(1, '2014_10_12_100000_create_password_resets_table', 1),
(2, '2017_11_23_165918_create_teams_table', 1),
(3, '2017_11_24_104930_create_users_table', 1),
(4, '2017_11_24_105200_create_tickets_table', 1),
(5, '2017_11_24_105417_create_ticket_threads_table', 1),
(6, '2017_11_24_105449_create_ticket_images_table', 1),
(7, '2017_11_24_105507_create_ticket_reads_table', 1),
(8, '2017_11_24_105526_create_ticket_relaters_table', 1),
(9, '2017_11_24_105550_create_ticket_atrributes_table', 1);

-- --------------------------------------------------------

--
-- Table structure for table `password_resets`
--

CREATE TABLE `password_resets` (
  `email` varchar(191) COLLATE utf8mb4_unicode_ci NOT NULL,
  `token` varchar(191) COLLATE utf8mb4_unicode_ci NOT NULL,
  `created_at` timestamp NULL DEFAULT NULL
) ENGINE=InnoDB DEFAULT CHARSET=utf8mb4 COLLATE=utf8mb4_unicode_ci;

-- --------------------------------------------------------

--
-- Table structure for table `teams`
--

CREATE TABLE `teams` (
  `id` int(10) UNSIGNED NOT NULL,
  `name` varchar(191) COLLATE utf8mb4_unicode_ci NOT NULL,
  `created_at` timestamp NULL DEFAULT NULL,
  `updated_at` timestamp NULL DEFAULT NULL
) ENGINE=InnoDB DEFAULT CHARSET=utf8mb4 COLLATE=utf8mb4_unicode_ci;

--
-- Dumping data for table `teams`
--

INSERT INTO `teams` (`id`, `name`, `created_at`, `updated_at`) VALUES
(1, 'IT Hà Nội', NULL, NULL),
(2, 'IT Đà Nẵng', NULL, NULL);

-- --------------------------------------------------------

--
-- Table structure for table `tickets`
--

CREATE TABLE `tickets` (
  `id` int(10) UNSIGNED NOT NULL,
  `subject` varchar(255) COLLATE utf8mb4_unicode_ci NOT NULL,
  `content` text COLLATE utf8mb4_unicode_ci NOT NULL,
  `create_by` int(10) UNSIGNED NOT NULL,
  `status` tinyint(4) NOT NULL,
  `priority` tinyint(4) NOT NULL,
  `deadline` datetime NOT NULL,
  `assigned_to` int(10) UNSIGNED NOT NULL,
  `rating` tinyint(4) DEFAULT NULL,
  `team_id` int(10) UNSIGNED NOT NULL,
  `resolved_at` datetime DEFAULT NULL,
  `closed_at` datetime DEFAULT NULL,
  `deleted_at` datetime DEFAULT NULL,
  `created_at` timestamp NULL DEFAULT NULL,
  `updated_at` timestamp NULL DEFAULT NULL
) ENGINE=InnoDB DEFAULT CHARSET=utf8mb4 COLLATE=utf8mb4_unicode_ci;

--
-- Dumping data for table `tickets`
--

INSERT INTO `tickets` (`id`, `subject`, `content`, `create_by`, `status`, `priority`, `deadline`, `assigned_to`, `rating`, `team_id`, `resolved_at`, `closed_at`, `deleted_at`, `created_at`, `updated_at`) VALUES
(107, 'Hỏng màn hình', '<p>Hỏng m&agrave;n h&igrave;nh c&oacute; phải thay sạc kh&ocirc;ng?</p>', 156, 1, 2, '2018-01-18 00:00:00', 161, NULL, 1, NULL, NULL, NULL, '2017-12-31 10:16:42', '2017-12-31 10:16:42'),
(108, 'Hỏng pin', '<p>Hỏng pin c&oacute; cần thay b&agrave;n ph&iacute;m kh&ocirc;ng</p>', 156, 1, 2, '2018-01-20 00:00:00', 161, NULL, 1, NULL, NULL, NULL, '2017-12-31 10:18:26', '2017-12-31 10:18:26'),
(109, 'Bàn phím bị liệt', '<p>B&agrave;n ph&iacute;m bị liệt</p>', 156, 1, 3, '2018-01-12 00:00:00', 161, NULL, 1, NULL, NULL, NULL, '2017-12-31 10:19:16', '2017-12-31 10:19:16'),
(110, 'Hỏng camera', '<p>Hỏng camera</p>', 156, 1, 1, '2018-01-26 00:00:00', 161, NULL, 1, NULL, NULL, NULL, '2017-12-31 10:20:18', '2017-12-31 10:20:18'),
(111, 'Hỏng Loa', '<p>Hỏng camera</p>', 156, 1, 4, '2017-12-31 00:00:00', 162, NULL, 2, NULL, NULL, NULL, '2017-12-31 10:21:21', '2017-12-31 10:21:21'),
(112, 'Hỏng chuột', '<p>Hỏng chuột</p>', 156, 1, 2, '2018-01-01 00:00:00', 161, NULL, 1, NULL, NULL, NULL, '2017-12-31 10:22:02', '2017-12-31 10:22:02'),
(113, 'Máy tính bị virus', '<p>M&aacute;y t&iacute;nh bị virus</p>', 157, 1, 1, '2018-01-01 00:00:00', 161, NULL, 1, NULL, NULL, NULL, '2017-12-31 10:23:14', '2017-12-31 10:23:14'),
(114, 'Màn hình bị đen', '<p>M&agrave;n h&igrave;nh bị đen</p>', 157, 1, 1, '2017-12-31 00:00:00', 161, NULL, 1, NULL, NULL, NULL, '2017-12-31 10:23:51', '2017-12-31 10:23:51'),
(115, 'Chuột bị liệt', '<p>Chuột bị liệt</p>', 157, 6, 1, '2018-01-04 00:00:00', 161, NULL, 1, NULL, NULL, NULL, '2017-12-31 10:24:36', '2017-12-31 11:26:49'),
(116, 'Máy tính không mở được word', '<p>M&aacute;y t&iacute;nh kh&ocirc;ng mở được word</p>', 157, 1, 2, '2018-01-04 00:00:00', 161, NULL, 1, NULL, NULL, NULL, '2017-12-31 10:25:43', '2017-12-31 10:25:43'),
(117, 'Máy tính không mở được excel', '<p>M&aacute;y t&iacute;nh kh&ocirc;ng mở được excel</p>', 157, 1, 3, '2018-01-05 00:00:00', 161, NULL, 1, NULL, NULL, NULL, '2017-12-31 10:26:08', '2017-12-31 10:26:08'),
(118, 'Máy tính không mở được excel', '<p>M&aacute;y t&iacute;nh kh&ocirc;ng mở được excel</p>', 158, 1, 2, '2018-01-01 00:00:00', 161, NULL, 1, NULL, NULL, NULL, '2017-12-31 10:26:44', '2017-12-31 10:26:44'),
(119, 'Máy tính không mở được word', '<p>M&aacute;y t&iacute;nh kh&ocirc;ng mở được word</p>', 158, 1, 1, '2018-01-06 00:00:00', 161, NULL, 1, NULL, NULL, NULL, '2017-12-31 10:27:11', '2017-12-31 10:27:11'),
(120, 'Chuột hỏng', '<p>Chuột hỏng</p>', 158, 1, 3, '2018-01-26 00:00:00', 162, NULL, 2, NULL, NULL, NULL, '2017-12-31 10:27:44', '2017-12-31 10:27:44'),
(121, 'Hỏng ổ cứng', '<p>Hỏng ổ cứng</p>', 158, 1, 3, '2018-02-10 00:00:00', 162, NULL, 2, NULL, NULL, NULL, '2017-12-31 10:28:47', '2017-12-31 10:28:47'),
(122, 'Máy in bị kẹt', '<p>M&aacute;y in bị kẹt</p>', 158, 1, 3, '2018-01-04 00:00:00', 162, NULL, 2, NULL, NULL, NULL, '2017-12-31 10:30:03', '2017-12-31 10:30:03'),
(123, 'Máy chiếu bật không lên', '<p>M&aacute;y chiếu bật kh&ocirc;ng l&ecirc;n</p>', 158, 1, 2, '2018-01-01 00:00:00', 161, NULL, 1, NULL, NULL, NULL, '2017-12-31 10:30:42', '2017-12-31 10:30:42'),
(124, 'Máy tính hay bị sập nguồn', '<p>M&aacute;y t&iacute;nh hay bị sập nguồn</p>', 159, 1, 1, '2018-01-06 00:00:00', 161, NULL, 1, NULL, NULL, NULL, '2017-12-31 10:32:07', '2017-12-31 10:32:07'),
(125, 'Máy tính không khởi  động được', '<p>M&aacute;y t&iacute;nh kh&ocirc;ng khởi &nbsp;động được</p>', 159, 1, 4, '2018-02-13 00:00:00', 162, NULL, 2, NULL, NULL, NULL, '2017-12-31 10:33:01', '2017-12-31 10:33:01'),
(126, 'Đế tản nhiệt không quay', '<p>Đế tản nhiệt kh&ocirc;ng quay</p>', 159, 1, 2, '2018-01-24 00:00:00', 161, NULL, 1, NULL, NULL, NULL, '2017-12-31 10:33:56', '2017-12-31 10:33:56'),
(127, 'Nổ sạc máy tính', '<p>Sạc m&aacute;y t&iacute;nh bị nổ khi sạc qua đ&ecirc;m</p>', 159, 1, 2, '2018-01-04 00:00:00', 161, NULL, 1, NULL, NULL, NULL, '2017-12-31 10:35:04', '2017-12-31 10:35:04'),
(128, 'USB phát wifi không hoạt động', '<p>USB ph&aacute;t wifi kh&ocirc;ng hoạt động</p>', 159, 1, 3, '2018-01-24 00:00:00', 161, NULL, 1, NULL, NULL, NULL, '2017-12-31 10:35:57', '2017-12-31 10:35:57'),
(129, 'Màn hình chập chờn khi khởi động', '<p>M&agrave;n h&igrave;nh chập chờn khi khởi động&nbsp;</p>', 160, 1, 3, '2018-03-01 00:00:00', 161, NULL, 1, NULL, NULL, NULL, '2017-12-31 10:37:02', '2017-12-31 10:37:02'),
(130, 'Máy in mực bị nhòe', '<p>M&aacute;y in mực bị nh&ograve;e</p>', 160, 1, 1, '2018-02-21 00:00:00', 162, NULL, 2, NULL, NULL, NULL, '2017-12-31 10:37:56', '2017-12-31 10:37:56'),
(131, 'Tai nghe bị rè', '<p>Tai nghe bị r&egrave;</p>', 160, 1, 2, '2018-02-14 00:00:00', 161, NULL, 1, NULL, NULL, NULL, '2017-12-31 10:38:43', '2017-12-31 10:38:43'),
(132, 'Máy tính bị liệt nút cách', '<p>Chơi Au xuy&ecirc;n đ&ecirc;m n&ecirc;n m&aacute;y bị lieeyj n&uacute;t c&aacute;ch</p>', 160, 1, 2, '2018-01-11 00:00:00', 161, NULL, 1, NULL, NULL, NULL, '2017-12-31 10:39:45', '2017-12-31 10:39:45'),
(133, 'Nhiệt độ máy tính quá cao', '<p>Nhiệt độ m&aacute;y t&iacute;nh qu&aacute; cao</p>', 160, 1, 2, '2018-01-17 00:00:00', 161, NULL, 1, NULL, NULL, NULL, '2017-12-31 10:41:00', '2017-12-31 10:41:00'),
(134, 'Máy tính bị chết nguồn', '<p>M&aacute;y t&iacute;nh bị chết nguồn</p>', 160, 1, 3, '2018-01-24 00:00:00', 161, NULL, 1, NULL, NULL, NULL, '2017-12-31 10:41:53', '2017-12-31 11:20:54'),
(135, 'Máy tính không nhận thẻ nhớ', '<p>M&aacute;y t&iacute;nh kh&ocirc;ng nhận thẻ nhớ</p>', 161, 1, 4, '2018-01-18 00:00:00', 162, NULL, 2, NULL, NULL, NULL, '2017-12-31 10:42:42', '2017-12-31 10:42:42'),
(136, 'Macbook không cài được win', '<p>Macbook kh&ocirc;ng c&agrave;i được win</p>', 161, 1, 2, '2018-01-26 00:00:00', 161, NULL, 1, NULL, NULL, NULL, '2017-12-31 10:43:12', '2017-12-31 10:43:12'),
(137, 'USB bị virut', '<p>USB bị virut</p>', 161, 1, 2, '2018-01-25 00:00:00', 161, NULL, 1, NULL, NULL, NULL, '2017-12-31 10:44:00', '2017-12-31 10:44:00'),
(138, 'Chuột bị liệt', '<p>Chuột bị liệt</p>', 162, 1, 2, '2018-01-24 00:00:00', 161, NULL, 1, NULL, NULL, NULL, '2017-12-31 10:45:13', '2017-12-31 10:45:13'),
(139, 'Máy tính không mở được word', '<p>M&aacute;y t&iacute;nh kh&ocirc;ng mở được word</p>', 162, 1, 2, '2018-01-17 00:00:00', 162, NULL, 2, NULL, NULL, NULL, '2017-12-31 10:48:20', '2017-12-31 10:48:20'),
(140, 'Máy chiếu bật không lên', '<p>M&aacute;y chiếu bật kh&ocirc;ng l&ecirc;n</p>', 162, 1, 2, '2018-01-18 00:00:00', 162, NULL, 2, NULL, NULL, NULL, '2017-12-31 10:49:10', '2017-12-31 10:49:10');

-- --------------------------------------------------------

--
-- Table structure for table `ticket_atrributes`
--

CREATE TABLE `ticket_atrributes` (
  `id` int(10) UNSIGNED NOT NULL,
  `status` varchar(255) COLLATE utf8mb4_unicode_ci NOT NULL,
  `priority` varchar(255) COLLATE utf8mb4_unicode_ci NOT NULL,
  `rating` varchar(255) COLLATE utf8mb4_unicode_ci NOT NULL,
  `reopened` varchar(255) COLLATE utf8mb4_unicode_ci NOT NULL,
  `created_at` timestamp NULL DEFAULT NULL,
  `updated_at` timestamp NULL DEFAULT NULL
) ENGINE=InnoDB DEFAULT CHARSET=utf8mb4 COLLATE=utf8mb4_unicode_ci;

-- --------------------------------------------------------

--
-- Table structure for table `ticket_images`
--

CREATE TABLE `ticket_images` (
  `ticket_id` int(10) UNSIGNED NOT NULL,
  `url_image` varchar(255) COLLATE utf8mb4_unicode_ci NOT NULL,
  `created_at` timestamp NULL DEFAULT NULL,
  `updated_at` timestamp NULL DEFAULT NULL
) ENGINE=InnoDB DEFAULT CHARSET=utf8mb4 COLLATE=utf8mb4_unicode_ci;

--
-- Dumping data for table `ticket_images`
--

INSERT INTO `ticket_images` (`ticket_id`, `url_image`, `created_at`, `updated_at`) VALUES
(107, 'http://localhost:8080/spec_it/resources/upload/hinh-anh-nguoi-go-dan-bo-buon-11.jpg', '2017-12-31 10:16:42', '2017-12-31 10:16:42'),
(108, 'http://localhost:8080/spec_it/resources/upload/banner_1679091c.jpg', '2017-12-31 10:18:26', '2017-12-31 10:18:26'),
(109, 'http://localhost:8080/spec_it/resources/upload/3138_cc105c.jpg', '2017-12-31 10:19:16', '2017-12-31 10:19:16'),
(110, 'http://localhost:8080/spec_it/resources/upload/banner_182be0c5.png', '2017-12-31 10:20:18', '2017-12-31 10:20:18'),
(111, 'http://localhost:8080/spec_it/resources/upload/banner_182be0c5.png', '2017-12-31 10:21:21', '2017-12-31 10:21:21'),
(112, 'http://localhost:8080/spec_it/resources/upload/banner_182be0c5.png', '2017-12-31 10:22:02', '2017-12-31 10:22:02'),
(113, 'http://localhost:8080/spec_it/resources/upload/banner_182be0c5.png', '2017-12-31 10:23:14', '2017-12-31 10:23:14'),
(114, 'http://localhost:8080/spec_it/resources/upload/banner_e2ef524f.jpg', '2017-12-31 10:23:51', '2017-12-31 10:23:51'),
(115, 'http://localhost:8080/spec_it/resources/upload/2476_faster_fs_217r.jpg', '2017-12-31 10:24:36', '2017-12-31 10:24:36'),
(116, 'http://localhost:8080/spec_it/resources/upload/ban_hang_80-686x846.jpg', '2017-12-31 10:25:43', '2017-12-31 10:25:43'),
(117, 'http://localhost:8080/spec_it/resources/upload/banner_182be0c5.png', '2017-12-31 10:26:08', '2017-12-31 10:26:08'),
(118, 'http://localhost:8080/spec_it/resources/upload/404_b___p_gas___m_taka_tk_105a.jpg', '2017-12-31 10:26:44', '2017-12-31 10:26:44'),
(119, 'http://localhost:8080/spec_it/resources/upload/banner_182be0c5.png', '2017-12-31 10:27:11', '2017-12-31 10:27:11'),
(120, 'http://localhost:8080/spec_it/resources/upload/banner_182be0c5.png', '2017-12-31 10:27:44', '2017-12-31 10:27:44'),
(121, 'http://localhost:8080/spec_it/resources/upload/3138_cc105c.jpg', '2017-12-31 10:28:47', '2017-12-31 10:28:47'),
(122, 'http://localhost:8080/spec_it/resources/upload/4311_bep_tu_fagor_fpi_3350s.jpg', '2017-12-31 10:30:03', '2017-12-31 10:30:03'),
(123, 'http://localhost:8080/spec_it/resources/upload/banner_182be0c5 (1).png', '2017-12-31 10:30:43', '2017-12-31 10:30:43'),
(124, 'http://localhost:8080/spec_it/resources/upload/4311_bep_tu_fagor_fpi_3350s.jpg', '2017-12-31 10:32:07', '2017-12-31 10:32:07'),
(125, 'http://localhost:8080/spec_it/resources/upload/2852_2852_mcsa01614652_1064873_pid675dc1e_unlighted_def.jpg', '2017-12-31 10:33:01', '2017-12-31 10:33:01'),
(126, 'http://localhost:8080/spec_it/resources/upload/2476_faster_fs_217r.jpg', '2017-12-31 10:33:56', '2017-12-31 10:33:56'),
(127, 'http://localhost:8080/spec_it/resources/upload/2852_2852_mcsa01614576_1064780_pid675dc1e_def (1).jpg', '2017-12-31 10:35:04', '2017-12-31 10:35:04'),
(128, 'http://localhost:8080/spec_it/resources/upload/3138_cc105c.jpg', '2017-12-31 10:35:57', '2017-12-31 10:35:57'),
(129, 'http://localhost:8080/spec_it/resources/upload/4311_bep_tu_fagor_fpi_3350s.jpg', '2017-12-31 10:37:02', '2017-12-31 10:37:02'),
(130, 'http://localhost:8080/spec_it/resources/upload/2852_pid675dc1e_canh.jpg', '2017-12-31 10:37:56', '2017-12-31 10:37:56'),
(131, 'http://localhost:8080/spec_it/resources/upload/2852_pid675dc1e_canh.jpg', '2017-12-31 10:38:43', '2017-12-31 10:38:43'),
(132, 'http://localhost:8080/spec_it/resources/upload/2852_2852_mcsa01614576_1064780_pid675dc1e_def.jpg', '2017-12-31 10:39:45', '2017-12-31 10:39:45'),
(133, 'http://localhost:8080/spec_it/resources/upload/2852_2852_mcsa01614652_1064873_pid675dc1e_unlighted_def.jpg', '2017-12-31 10:41:00', '2017-12-31 10:41:00'),
(134, 'http://localhost:8080/spec_it/resources/upload/2852_pid675dc1e_canh.jpg', '2017-12-31 10:41:53', '2017-12-31 10:41:53'),
(135, 'http://localhost:8080/spec_it/resources/upload/2852_pid675dc1e_canh.jpg', '2017-12-31 10:42:42', '2017-12-31 10:42:42'),
(136, 'http://localhost:8080/spec_it/resources/upload/1978_b___p___i___n_t____cata_it_773.jpg', '2017-12-31 10:43:12', '2017-12-31 10:43:12'),
(137, 'http://localhost:8080/spec_it/resources/upload/2852_2852_mcsa01614652_1064873_pid675dc1e_unlighted_def.jpg', '2017-12-31 10:44:00', '2017-12-31 10:44:00'),
(138, 'http://localhost:8080/spec_it/resources/upload/3138_cc105c.jpg', '2017-12-31 10:45:14', '2017-12-31 10:45:14'),
(139, 'http://localhost:8080/spec_it/resources/upload/2476_faster_fs_217r.jpg', '2017-12-31 10:48:20', '2017-12-31 10:48:20'),
(140, 'http://localhost:8080/spec_it/resources/upload/2852_2852_mcsa01614576_1064780_pid675dc1e_def.jpg', '2017-12-31 10:49:11', '2017-12-31 10:49:11');

-- --------------------------------------------------------

--
-- Table structure for table `ticket_reads`
--

CREATE TABLE `ticket_reads` (
  `id` int(10) UNSIGNED NOT NULL,
  `ticket_id` int(10) UNSIGNED NOT NULL,
  `reader_id` int(10) UNSIGNED NOT NULL,
  `status` tinyint(4) NOT NULL DEFAULT '0',
  `created_at` timestamp NULL DEFAULT NULL,
  `updated_at` timestamp NULL DEFAULT NULL
) ENGINE=InnoDB DEFAULT CHARSET=utf8mb4 COLLATE=utf8mb4_unicode_ci;

--
-- Dumping data for table `ticket_reads`
--

INSERT INTO `ticket_reads` (`id`, `ticket_id`, `reader_id`, `status`, `created_at`, `updated_at`) VALUES
(281, 107, 157, 0, '2017-12-31 10:16:42', '2017-12-31 10:16:42'),
(282, 107, 158, 0, '2017-12-31 10:16:43', '2017-12-31 10:16:43'),
(283, 107, 162, 0, '2017-12-31 10:16:43', '2017-12-31 10:16:43'),
(284, 107, 156, 0, '2017-12-31 10:16:43', '2017-12-31 10:16:43'),
(285, 107, 159, 0, '2017-12-31 10:16:43', '2017-12-31 10:16:43'),
(286, 107, 160, 0, '2017-12-31 10:16:43', '2017-12-31 10:16:43'),
(287, 107, 161, 0, '2017-12-31 10:16:43', '2017-12-31 10:16:43'),
(288, 108, 157, 0, '2017-12-31 10:18:27', '2017-12-31 10:18:27'),
(289, 108, 158, 0, '2017-12-31 10:18:27', '2017-12-31 10:18:27'),
(290, 108, 162, 0, '2017-12-31 10:18:27', '2017-12-31 10:18:27'),
(291, 108, 156, 0, '2017-12-31 10:18:27', '2017-12-31 10:18:27'),
(292, 108, 159, 0, '2017-12-31 10:18:27', '2017-12-31 10:18:27'),
(293, 108, 160, 0, '2017-12-31 10:18:27', '2017-12-31 10:18:27'),
(294, 108, 161, 0, '2017-12-31 10:18:27', '2017-12-31 10:18:27'),
(295, 109, 157, 0, '2017-12-31 10:19:16', '2017-12-31 10:19:16'),
(296, 109, 158, 0, '2017-12-31 10:19:17', '2017-12-31 10:19:17'),
(297, 109, 162, 0, '2017-12-31 10:19:17', '2017-12-31 10:19:17'),
(298, 109, 156, 0, '2017-12-31 10:19:17', '2017-12-31 10:19:17'),
(299, 109, 159, 0, '2017-12-31 10:19:17', '2017-12-31 10:19:17'),
(300, 109, 160, 0, '2017-12-31 10:19:17', '2017-12-31 10:19:17'),
(301, 109, 161, 0, '2017-12-31 10:19:17', '2017-12-31 10:19:17'),
(302, 110, 157, 0, '2017-12-31 10:20:19', '2017-12-31 10:20:19'),
(303, 110, 158, 0, '2017-12-31 10:20:19', '2017-12-31 10:20:19'),
(304, 110, 162, 0, '2017-12-31 10:20:19', '2017-12-31 10:20:19'),
(305, 110, 156, 0, '2017-12-31 10:20:19', '2017-12-31 10:20:19'),
(306, 110, 159, 0, '2017-12-31 10:20:19', '2017-12-31 10:20:19'),
(307, 110, 160, 0, '2017-12-31 10:20:19', '2017-12-31 10:20:19'),
(308, 110, 161, 0, '2017-12-31 10:20:19', '2017-12-31 10:20:19'),
(309, 111, 157, 0, '2017-12-31 10:21:21', '2017-12-31 10:21:21'),
(310, 111, 158, 0, '2017-12-31 10:21:21', '2017-12-31 10:21:21'),
(311, 111, 162, 0, '2017-12-31 10:21:21', '2017-12-31 10:21:21'),
(312, 111, 156, 0, '2017-12-31 10:21:21', '2017-12-31 10:21:21'),
(313, 111, 159, 0, '2017-12-31 10:21:21', '2017-12-31 10:21:21'),
(314, 111, 160, 0, '2017-12-31 10:21:21', '2017-12-31 10:21:21'),
(315, 111, 161, 0, '2017-12-31 10:21:21', '2017-12-31 10:21:21'),
(316, 112, 157, 0, '2017-12-31 10:22:02', '2017-12-31 10:22:02'),
(317, 112, 158, 0, '2017-12-31 10:22:02', '2017-12-31 10:22:02'),
(318, 112, 162, 0, '2017-12-31 10:22:02', '2017-12-31 10:22:02'),
(319, 112, 156, 0, '2017-12-31 10:22:03', '2017-12-31 10:22:03'),
(320, 112, 159, 0, '2017-12-31 10:22:03', '2017-12-31 10:22:03'),
(321, 112, 160, 0, '2017-12-31 10:22:03', '2017-12-31 10:22:03'),
(322, 112, 161, 0, '2017-12-31 10:22:03', '2017-12-31 10:22:03'),
(323, 113, 157, 0, '2017-12-31 10:23:14', '2017-12-31 10:23:14'),
(324, 113, 158, 0, '2017-12-31 10:23:14', '2017-12-31 10:23:14'),
(325, 113, 162, 0, '2017-12-31 10:23:15', '2017-12-31 10:23:15'),
(326, 113, 156, 0, '2017-12-31 10:23:15', '2017-12-31 10:23:15'),
(327, 113, 159, 0, '2017-12-31 10:23:15', '2017-12-31 10:23:15'),
(328, 113, 160, 0, '2017-12-31 10:23:15', '2017-12-31 10:23:15'),
(329, 113, 161, 0, '2017-12-31 10:23:15', '2017-12-31 10:23:15'),
(330, 114, 157, 0, '2017-12-31 10:23:51', '2017-12-31 10:23:51'),
(331, 114, 158, 0, '2017-12-31 10:23:51', '2017-12-31 10:23:51'),
(332, 114, 162, 0, '2017-12-31 10:23:51', '2017-12-31 10:23:51'),
(333, 114, 156, 0, '2017-12-31 10:23:51', '2017-12-31 10:23:51'),
(334, 114, 159, 0, '2017-12-31 10:23:51', '2017-12-31 10:23:51'),
(335, 114, 160, 0, '2017-12-31 10:23:51', '2017-12-31 10:23:51'),
(336, 114, 161, 0, '2017-12-31 10:23:51', '2017-12-31 10:23:51'),
(337, 115, 157, 1, '2017-12-31 10:24:36', '2017-12-31 11:25:58'),
(338, 115, 158, 0, '2017-12-31 10:24:36', '2017-12-31 10:24:36'),
(339, 115, 162, 0, '2017-12-31 10:24:36', '2017-12-31 10:24:36'),
(340, 115, 156, 0, '2017-12-31 10:24:36', '2017-12-31 10:24:36'),
(341, 115, 159, 0, '2017-12-31 10:24:36', '2017-12-31 10:24:36'),
(342, 115, 160, 0, '2017-12-31 10:24:36', '2017-12-31 10:24:36'),
(343, 115, 161, 0, '2017-12-31 10:24:36', '2017-12-31 10:24:36'),
(344, 116, 157, 0, '2017-12-31 10:25:44', '2017-12-31 10:25:44'),
(345, 116, 158, 0, '2017-12-31 10:25:44', '2017-12-31 10:25:44'),
(346, 116, 162, 0, '2017-12-31 10:25:44', '2017-12-31 10:25:44'),
(347, 116, 156, 0, '2017-12-31 10:25:44', '2017-12-31 10:25:44'),
(348, 116, 159, 0, '2017-12-31 10:25:44', '2017-12-31 10:25:44'),
(349, 116, 160, 0, '2017-12-31 10:25:44', '2017-12-31 10:25:44'),
(350, 116, 161, 0, '2017-12-31 10:25:44', '2017-12-31 10:25:44'),
(351, 117, 157, 0, '2017-12-31 10:26:08', '2017-12-31 10:26:08'),
(352, 117, 158, 0, '2017-12-31 10:26:08', '2017-12-31 10:26:08'),
(353, 117, 162, 0, '2017-12-31 10:26:09', '2017-12-31 10:26:09'),
(354, 117, 156, 0, '2017-12-31 10:26:09', '2017-12-31 10:26:09'),
(355, 117, 159, 0, '2017-12-31 10:26:09', '2017-12-31 10:26:09'),
(356, 117, 160, 0, '2017-12-31 10:26:09', '2017-12-31 10:26:09'),
(357, 117, 161, 0, '2017-12-31 10:26:09', '2017-12-31 10:26:09'),
(358, 118, 157, 0, '2017-12-31 10:26:44', '2017-12-31 10:26:44'),
(359, 118, 158, 0, '2017-12-31 10:26:44', '2017-12-31 10:26:44'),
(360, 118, 162, 0, '2017-12-31 10:26:44', '2017-12-31 10:26:44'),
(361, 118, 156, 0, '2017-12-31 10:26:44', '2017-12-31 10:26:44'),
(362, 118, 159, 0, '2017-12-31 10:26:44', '2017-12-31 10:26:44'),
(363, 118, 160, 0, '2017-12-31 10:26:44', '2017-12-31 10:26:44'),
(364, 118, 161, 0, '2017-12-31 10:26:44', '2017-12-31 10:26:44'),
(365, 119, 157, 0, '2017-12-31 10:27:11', '2017-12-31 10:27:11'),
(366, 119, 158, 0, '2017-12-31 10:27:11', '2017-12-31 10:27:11'),
(367, 119, 162, 0, '2017-12-31 10:27:11', '2017-12-31 10:27:11'),
(368, 119, 156, 0, '2017-12-31 10:27:11', '2017-12-31 10:27:11'),
(369, 119, 159, 0, '2017-12-31 10:27:11', '2017-12-31 10:27:11'),
(370, 119, 160, 0, '2017-12-31 10:27:11', '2017-12-31 10:27:11'),
(371, 119, 161, 0, '2017-12-31 10:27:11', '2017-12-31 10:27:11'),
(372, 120, 157, 0, '2017-12-31 10:27:44', '2017-12-31 10:27:44'),
(373, 120, 158, 0, '2017-12-31 10:27:44', '2017-12-31 10:27:44'),
(374, 120, 162, 0, '2017-12-31 10:27:44', '2017-12-31 10:27:44'),
(375, 120, 156, 0, '2017-12-31 10:27:44', '2017-12-31 10:27:44'),
(376, 120, 159, 0, '2017-12-31 10:27:44', '2017-12-31 10:27:44'),
(377, 120, 160, 0, '2017-12-31 10:27:44', '2017-12-31 10:27:44'),
(378, 120, 161, 0, '2017-12-31 10:27:44', '2017-12-31 10:27:44'),
(379, 121, 157, 0, '2017-12-31 10:28:47', '2017-12-31 10:28:47'),
(380, 121, 158, 0, '2017-12-31 10:28:47', '2017-12-31 10:28:47'),
(381, 121, 162, 0, '2017-12-31 10:28:47', '2017-12-31 10:28:47'),
(382, 121, 156, 0, '2017-12-31 10:28:47', '2017-12-31 10:28:47'),
(383, 121, 159, 0, '2017-12-31 10:28:47', '2017-12-31 10:28:47'),
(384, 121, 160, 0, '2017-12-31 10:28:47', '2017-12-31 10:28:47'),
(385, 121, 161, 0, '2017-12-31 10:28:47', '2017-12-31 10:28:47'),
(386, 122, 157, 0, '2017-12-31 10:30:03', '2017-12-31 10:30:03'),
(387, 122, 158, 0, '2017-12-31 10:30:03', '2017-12-31 10:30:03'),
(388, 122, 162, 0, '2017-12-31 10:30:03', '2017-12-31 10:30:03'),
(389, 122, 156, 0, '2017-12-31 10:30:04', '2017-12-31 10:30:04'),
(390, 122, 159, 0, '2017-12-31 10:30:04', '2017-12-31 10:30:04'),
(391, 122, 160, 0, '2017-12-31 10:30:04', '2017-12-31 10:30:04'),
(392, 122, 161, 0, '2017-12-31 10:30:04', '2017-12-31 10:30:04'),
(393, 123, 157, 0, '2017-12-31 10:30:43', '2017-12-31 10:30:43'),
(394, 123, 158, 0, '2017-12-31 10:30:43', '2017-12-31 10:30:43'),
(395, 123, 162, 0, '2017-12-31 10:30:43', '2017-12-31 10:30:43'),
(396, 123, 156, 0, '2017-12-31 10:30:43', '2017-12-31 10:30:43'),
(397, 123, 159, 0, '2017-12-31 10:30:43', '2017-12-31 10:30:43'),
(398, 123, 160, 0, '2017-12-31 10:30:43', '2017-12-31 10:30:43'),
(399, 123, 161, 0, '2017-12-31 10:30:43', '2017-12-31 10:30:43'),
(400, 124, 157, 0, '2017-12-31 10:32:07', '2017-12-31 10:32:07'),
(401, 124, 158, 0, '2017-12-31 10:32:07', '2017-12-31 10:32:07'),
(402, 124, 162, 0, '2017-12-31 10:32:07', '2017-12-31 10:32:07'),
(403, 124, 156, 0, '2017-12-31 10:32:07', '2017-12-31 10:32:07'),
(404, 124, 159, 0, '2017-12-31 10:32:07', '2017-12-31 10:32:07'),
(405, 124, 160, 0, '2017-12-31 10:32:07', '2017-12-31 10:32:07'),
(406, 124, 161, 0, '2017-12-31 10:32:07', '2017-12-31 10:32:07'),
(407, 125, 157, 0, '2017-12-31 10:33:01', '2017-12-31 10:33:01'),
(408, 125, 158, 0, '2017-12-31 10:33:01', '2017-12-31 10:33:01'),
(409, 125, 162, 0, '2017-12-31 10:33:01', '2017-12-31 10:33:01'),
(410, 125, 156, 0, '2017-12-31 10:33:01', '2017-12-31 10:33:01'),
(411, 125, 159, 0, '2017-12-31 10:33:01', '2017-12-31 10:33:01'),
(412, 125, 160, 0, '2017-12-31 10:33:01', '2017-12-31 10:33:01'),
(413, 125, 161, 0, '2017-12-31 10:33:02', '2017-12-31 10:33:02'),
(414, 126, 157, 0, '2017-12-31 10:33:56', '2017-12-31 10:33:56'),
(415, 126, 158, 0, '2017-12-31 10:33:56', '2017-12-31 10:33:56'),
(416, 126, 162, 0, '2017-12-31 10:33:56', '2017-12-31 10:33:56'),
(417, 126, 156, 0, '2017-12-31 10:33:56', '2017-12-31 10:33:56'),
(418, 126, 159, 0, '2017-12-31 10:33:56', '2017-12-31 10:33:56'),
(419, 126, 160, 0, '2017-12-31 10:33:56', '2017-12-31 10:33:56'),
(420, 126, 161, 0, '2017-12-31 10:33:56', '2017-12-31 10:33:56'),
(421, 127, 157, 0, '2017-12-31 10:35:05', '2017-12-31 10:35:05'),
(422, 127, 158, 0, '2017-12-31 10:35:05', '2017-12-31 10:35:05'),
(423, 127, 162, 0, '2017-12-31 10:35:05', '2017-12-31 10:35:05'),
(424, 127, 156, 0, '2017-12-31 10:35:05', '2017-12-31 10:35:05'),
(425, 127, 159, 0, '2017-12-31 10:35:05', '2017-12-31 10:35:05'),
(426, 127, 160, 0, '2017-12-31 10:35:05', '2017-12-31 10:35:05'),
(427, 127, 161, 0, '2017-12-31 10:35:05', '2017-12-31 10:35:05'),
(428, 128, 157, 0, '2017-12-31 10:35:57', '2017-12-31 10:35:57'),
(429, 128, 158, 0, '2017-12-31 10:35:58', '2017-12-31 10:35:58'),
(430, 128, 162, 0, '2017-12-31 10:35:58', '2017-12-31 10:35:58'),
(431, 128, 156, 0, '2017-12-31 10:35:58', '2017-12-31 10:35:58'),
(432, 128, 159, 0, '2017-12-31 10:35:58', '2017-12-31 10:35:58'),
(433, 128, 160, 0, '2017-12-31 10:35:58', '2017-12-31 10:35:58'),
(434, 128, 161, 0, '2017-12-31 10:35:58', '2017-12-31 10:35:58'),
(435, 129, 157, 0, '2017-12-31 10:37:02', '2017-12-31 10:37:02'),
(436, 129, 158, 0, '2017-12-31 10:37:02', '2017-12-31 10:37:02'),
(437, 129, 162, 0, '2017-12-31 10:37:02', '2017-12-31 10:37:02'),
(438, 129, 156, 0, '2017-12-31 10:37:02', '2017-12-31 10:37:02'),
(439, 129, 159, 0, '2017-12-31 10:37:02', '2017-12-31 10:37:02'),
(440, 129, 160, 0, '2017-12-31 10:37:02', '2017-12-31 10:37:02'),
(441, 129, 161, 0, '2017-12-31 10:37:02', '2017-12-31 10:37:02'),
(442, 130, 157, 0, '2017-12-31 10:37:56', '2017-12-31 10:37:56'),
(443, 130, 158, 0, '2017-12-31 10:37:56', '2017-12-31 10:37:56'),
(444, 130, 162, 0, '2017-12-31 10:37:56', '2017-12-31 10:37:56'),
(445, 130, 156, 0, '2017-12-31 10:37:56', '2017-12-31 10:37:56'),
(446, 130, 159, 0, '2017-12-31 10:37:56', '2017-12-31 10:37:56'),
(447, 130, 160, 0, '2017-12-31 10:37:56', '2017-12-31 10:37:56'),
(448, 130, 161, 0, '2017-12-31 10:37:56', '2017-12-31 10:37:56'),
(449, 131, 157, 0, '2017-12-31 10:38:44', '2017-12-31 10:38:44'),
(450, 131, 158, 0, '2017-12-31 10:38:44', '2017-12-31 10:38:44'),
(451, 131, 162, 0, '2017-12-31 10:38:44', '2017-12-31 10:38:44'),
(452, 131, 156, 0, '2017-12-31 10:38:44', '2017-12-31 10:38:44'),
(453, 131, 159, 0, '2017-12-31 10:38:44', '2017-12-31 10:38:44'),
(454, 131, 160, 0, '2017-12-31 10:38:44', '2017-12-31 10:38:44'),
(455, 131, 161, 0, '2017-12-31 10:38:44', '2017-12-31 10:38:44'),
(456, 132, 157, 0, '2017-12-31 10:39:45', '2017-12-31 10:39:45'),
(457, 132, 158, 0, '2017-12-31 10:39:45', '2017-12-31 10:39:45'),
(458, 132, 162, 0, '2017-12-31 10:39:46', '2017-12-31 10:39:46'),
(459, 132, 156, 0, '2017-12-31 10:39:46', '2017-12-31 10:39:46'),
(460, 132, 159, 0, '2017-12-31 10:39:46', '2017-12-31 10:39:46'),
(461, 132, 160, 0, '2017-12-31 10:39:46', '2017-12-31 10:39:46'),
(462, 132, 161, 0, '2017-12-31 10:39:46', '2017-12-31 10:39:46'),
(463, 133, 157, 0, '2017-12-31 10:41:00', '2017-12-31 10:41:00'),
(464, 133, 158, 0, '2017-12-31 10:41:00', '2017-12-31 10:41:00'),
(465, 133, 162, 0, '2017-12-31 10:41:00', '2017-12-31 10:41:00'),
(466, 133, 156, 0, '2017-12-31 10:41:00', '2017-12-31 10:41:00'),
(467, 133, 159, 0, '2017-12-31 10:41:00', '2017-12-31 10:41:00'),
(468, 133, 160, 0, '2017-12-31 10:41:00', '2017-12-31 10:41:00'),
(469, 133, 161, 0, '2017-12-31 10:41:01', '2017-12-31 10:41:01'),
(470, 134, 157, 0, '2017-12-31 10:41:53', '2017-12-31 10:41:53'),
(471, 134, 158, 0, '2017-12-31 10:41:53', '2017-12-31 10:41:53'),
(472, 134, 162, 1, '2017-12-31 10:41:53', '2017-12-31 10:50:47'),
(473, 134, 156, 0, '2017-12-31 10:41:53', '2017-12-31 10:41:53'),
(474, 134, 159, 0, '2017-12-31 10:41:53', '2017-12-31 10:41:53'),
(475, 134, 160, 1, '2017-12-31 10:41:53', '2017-12-31 11:18:58'),
(476, 134, 161, 0, '2017-12-31 10:41:53', '2017-12-31 10:41:53'),
(477, 135, 157, 0, '2017-12-31 10:42:42', '2017-12-31 10:42:42'),
(478, 135, 158, 0, '2017-12-31 10:42:42', '2017-12-31 10:42:42'),
(479, 135, 162, 0, '2017-12-31 10:42:42', '2017-12-31 10:42:42'),
(480, 135, 156, 0, '2017-12-31 10:42:42', '2017-12-31 10:42:42'),
(481, 135, 159, 0, '2017-12-31 10:42:42', '2017-12-31 10:42:42'),
(482, 135, 160, 0, '2017-12-31 10:42:42', '2017-12-31 10:42:42'),
(483, 135, 161, 0, '2017-12-31 10:42:42', '2017-12-31 10:42:42'),
(484, 136, 157, 0, '2017-12-31 10:43:12', '2017-12-31 10:43:12'),
(485, 136, 158, 0, '2017-12-31 10:43:12', '2017-12-31 10:43:12'),
(486, 136, 162, 0, '2017-12-31 10:43:12', '2017-12-31 10:43:12'),
(487, 136, 156, 0, '2017-12-31 10:43:12', '2017-12-31 10:43:12'),
(488, 136, 159, 0, '2017-12-31 10:43:12', '2017-12-31 10:43:12'),
(489, 136, 160, 0, '2017-12-31 10:43:12', '2017-12-31 10:43:12'),
(490, 136, 161, 0, '2017-12-31 10:43:12', '2017-12-31 10:43:12'),
(491, 137, 157, 0, '2017-12-31 10:44:00', '2017-12-31 10:44:00'),
(492, 137, 158, 0, '2017-12-31 10:44:01', '2017-12-31 10:44:01'),
(493, 137, 162, 0, '2017-12-31 10:44:01', '2017-12-31 10:44:01'),
(494, 137, 156, 0, '2017-12-31 10:44:01', '2017-12-31 10:44:01'),
(495, 137, 159, 0, '2017-12-31 10:44:01', '2017-12-31 10:44:01'),
(496, 137, 160, 0, '2017-12-31 10:44:01', '2017-12-31 10:44:01'),
(497, 137, 161, 0, '2017-12-31 10:44:01', '2017-12-31 10:44:01'),
(498, 138, 157, 0, '2017-12-31 10:45:14', '2017-12-31 10:45:14'),
(499, 138, 158, 0, '2017-12-31 10:45:14', '2017-12-31 10:45:14'),
(500, 138, 162, 1, '2017-12-31 10:45:14', '2017-12-31 10:47:25'),
(501, 138, 156, 0, '2017-12-31 10:45:14', '2017-12-31 10:45:14'),
(502, 138, 159, 0, '2017-12-31 10:45:14', '2017-12-31 10:45:14'),
(503, 138, 160, 0, '2017-12-31 10:45:14', '2017-12-31 10:45:14'),
(504, 138, 161, 0, '2017-12-31 10:45:14', '2017-12-31 10:45:14'),
(505, 139, 157, 0, '2017-12-31 10:48:20', '2017-12-31 10:48:20'),
(506, 139, 158, 0, '2017-12-31 10:48:21', '2017-12-31 10:48:21'),
(507, 139, 162, 0, '2017-12-31 10:48:21', '2017-12-31 10:48:21'),
(508, 139, 156, 0, '2017-12-31 10:48:21', '2017-12-31 10:48:21'),
(509, 139, 159, 0, '2017-12-31 10:48:21', '2017-12-31 10:48:21'),
(510, 139, 160, 0, '2017-12-31 10:48:21', '2017-12-31 10:48:21'),
(511, 139, 161, 0, '2017-12-31 10:48:21', '2017-12-31 10:48:21'),
(512, 140, 157, 0, '2017-12-31 10:49:11', '2017-12-31 10:49:11'),
(513, 140, 158, 0, '2017-12-31 10:49:11', '2017-12-31 10:49:11'),
(514, 140, 162, 0, '2017-12-31 10:49:11', '2017-12-31 10:49:11'),
(515, 140, 156, 0, '2017-12-31 10:49:11', '2017-12-31 10:49:11'),
(516, 140, 159, 0, '2017-12-31 10:49:11', '2017-12-31 10:49:11'),
(517, 140, 160, 0, '2017-12-31 10:49:11', '2017-12-31 10:49:11'),
(518, 140, 161, 0, '2017-12-31 10:49:11', '2017-12-31 10:49:11');

-- --------------------------------------------------------

--
-- Table structure for table `ticket_relaters`
--

CREATE TABLE `ticket_relaters` (
  `ticket_id` int(10) UNSIGNED NOT NULL,
  `employee_id` int(10) UNSIGNED NOT NULL,
  `created_at` timestamp NULL DEFAULT NULL,
  `updated_at` timestamp NULL DEFAULT NULL
) ENGINE=InnoDB DEFAULT CHARSET=utf8mb4 COLLATE=utf8mb4_unicode_ci;

--
-- Dumping data for table `ticket_relaters`
--

INSERT INTO `ticket_relaters` (`ticket_id`, `employee_id`, `created_at`, `updated_at`) VALUES
(107, 156, '2017-12-31 10:16:42', '2017-12-31 10:16:42'),
(107, 160, '2017-12-31 10:16:42', '2017-12-31 10:16:42'),
(108, 158, '2017-12-31 10:18:27', '2017-12-31 10:18:27'),
(108, 160, '2017-12-31 10:18:27', '2017-12-31 10:18:27'),
(110, 157, '2017-12-31 10:20:19', '2017-12-31 10:20:19'),
(110, 159, '2017-12-31 10:20:19', '2017-12-31 10:20:19'),
(111, 157, '2017-12-31 10:21:21', '2017-12-31 10:21:21'),
(111, 160, '2017-12-31 10:21:21', '2017-12-31 10:21:21'),
(112, 158, '2017-12-31 10:22:02', '2017-12-31 10:22:02'),
(112, 160, '2017-12-31 10:22:02', '2017-12-31 10:22:02'),
(113, 156, '2017-12-31 10:23:14', '2017-12-31 10:23:14'),
(113, 158, '2017-12-31 10:23:14', '2017-12-31 10:23:14'),
(113, 159, '2017-12-31 10:23:14', '2017-12-31 10:23:14'),
(113, 162, '2017-12-31 10:23:14', '2017-12-31 10:23:14'),
(114, 157, '2017-12-31 10:23:51', '2017-12-31 10:23:51'),
(114, 158, '2017-12-31 10:23:51', '2017-12-31 10:23:51'),
(116, 157, '2017-12-31 10:25:44', '2017-12-31 10:25:44'),
(116, 159, '2017-12-31 10:25:44', '2017-12-31 10:25:44'),
(117, 157, '2017-12-31 10:26:08', '2017-12-31 10:26:08'),
(117, 159, '2017-12-31 10:26:08', '2017-12-31 10:26:08'),
(118, 158, '2017-12-31 10:26:44', '2017-12-31 10:26:44'),
(118, 159, '2017-12-31 10:26:44', '2017-12-31 10:26:44'),
(119, 157, '2017-12-31 10:27:11', '2017-12-31 10:27:11'),
(119, 159, '2017-12-31 10:27:11', '2017-12-31 10:27:11'),
(120, 157, '2017-12-31 10:27:44', '2017-12-31 10:27:44'),
(120, 158, '2017-12-31 10:27:44', '2017-12-31 10:27:44'),
(121, 158, '2017-12-31 10:28:47', '2017-12-31 10:28:47'),
(121, 159, '2017-12-31 10:28:47', '2017-12-31 10:28:47'),
(122, 158, '2017-12-31 10:30:03', '2017-12-31 10:30:03'),
(122, 162, '2017-12-31 10:30:03', '2017-12-31 10:30:03'),
(123, 157, '2017-12-31 10:30:43', '2017-12-31 10:30:43'),
(123, 158, '2017-12-31 10:30:43', '2017-12-31 10:30:43'),
(124, 160, '2017-12-31 10:32:07', '2017-12-31 10:32:07'),
(126, 159, '2017-12-31 10:33:56', '2017-12-31 10:33:56'),
(127, 161, '2017-12-31 10:35:05', '2017-12-31 10:35:05'),
(128, 159, '2017-12-31 10:35:57', '2017-12-31 10:35:57'),
(128, 160, '2017-12-31 10:35:57', '2017-12-31 10:35:57'),
(129, 160, '2017-12-31 10:37:02', '2017-12-31 10:37:02'),
(130, 158, '2017-12-31 10:37:56', '2017-12-31 10:37:56'),
(130, 161, '2017-12-31 10:37:56', '2017-12-31 10:37:56'),
(131, 158, '2017-12-31 10:38:44', '2017-12-31 10:38:44'),
(131, 159, '2017-12-31 10:38:44', '2017-12-31 10:38:44'),
(132, 159, '2017-12-31 10:39:45', '2017-12-31 10:39:45'),
(134, 159, '2017-12-31 10:41:53', '2017-12-31 10:41:53'),
(135, 158, '2017-12-31 10:42:42', '2017-12-31 10:42:42'),
(136, 159, '2017-12-31 10:43:12', '2017-12-31 10:43:12'),
(137, 160, '2017-12-31 10:44:00', '2017-12-31 10:44:00'),
(137, 161, '2017-12-31 10:44:00', '2017-12-31 10:44:00'),
(138, 158, '2017-12-31 10:45:14', '2017-12-31 10:45:14'),
(139, 159, '2017-12-31 10:48:20', '2017-12-31 10:48:20'),
(140, 158, '2017-12-31 10:49:11', '2017-12-31 10:49:11'),
(140, 159, '2017-12-31 10:49:11', '2017-12-31 10:49:11'),
(140, 160, '2017-12-31 10:49:11', '2017-12-31 10:49:11'),
(140, 161, '2017-12-31 10:49:11', '2017-12-31 10:49:11'),
(115, 157, '2017-12-31 11:26:26', '2017-12-31 11:26:26'),
(115, 158, '2017-12-31 11:26:26', '2017-12-31 11:26:26'),
(115, 159, '2017-12-31 11:26:26', '2017-12-31 11:26:26');

-- --------------------------------------------------------

--
-- Table structure for table `ticket_threads`
--

CREATE TABLE `ticket_threads` (
  `id` int(10) UNSIGNED NOT NULL,
  `ticket_id` int(10) UNSIGNED NOT NULL,
  `employee_id` int(10) UNSIGNED NOT NULL,
  `content` text COLLATE utf8mb4_unicode_ci NOT NULL,
  `type` tinyint(4) NOT NULL,
  `note` varchar(255) COLLATE utf8mb4_unicode_ci NOT NULL,
  `created_at` timestamp NULL DEFAULT NULL,
  `updated_at` timestamp NULL DEFAULT NULL
) ENGINE=InnoDB DEFAULT CHARSET=utf8mb4 COLLATE=utf8mb4_unicode_ci;

--
-- Dumping data for table `ticket_threads`
--

INSERT INTO `ticket_threads` (`id`, `ticket_id`, `employee_id`, `content`, `type`, `note`, `created_at`, `updated_at`) VALUES
(142, 115, 157, '<p>hh</p>', 0, 'a', '2017-12-31 11:26:15', '2017-12-31 11:26:15'),
(143, 115, 157, '<p>kk</p>', 0, 'a', '2017-12-31 11:26:34', '2017-12-31 11:26:34');

-- --------------------------------------------------------

--
-- Table structure for table `users`
--

CREATE TABLE `users` (
  `id` int(10) UNSIGNED NOT NULL,
  `username` varchar(191) COLLATE utf8mb4_unicode_ci NOT NULL,
  `email` varchar(191) COLLATE utf8mb4_unicode_ci NOT NULL,
  `password` varchar(191) COLLATE utf8mb4_unicode_ci NOT NULL,
  `level` tinyint(4) NOT NULL DEFAULT '2',
  `team_id` int(10) UNSIGNED NOT NULL,
  `remember_token` varchar(100) COLLATE utf8mb4_unicode_ci DEFAULT NULL,
  `created_at` timestamp NULL DEFAULT NULL,
  `updated_at` timestamp NULL DEFAULT NULL
) ENGINE=InnoDB DEFAULT CHARSET=utf8mb4 COLLATE=utf8mb4_unicode_ci;

--
-- Dumping data for table `users`
--

INSERT INTO `users` (`id`, `username`, `email`, `password`, `level`, `team_id`, `remember_token`, `created_at`, `updated_at`) VALUES
(156, 'Nguyễn Văn Sơn ( member )', 'thangtr974@gmail.com', '$2y$10$1VDTI1z.8S0GoAIHA3HLDOmhbFg7VEU1HmfApCcWsyfAwAxuqoW0y', 2, 3, 'G9EUy7FWXkiFV0dUjqa55k3fNnlEwnNhEhJSE1mAZ6OvpUxygjR0mNxkwKlp', '2017-12-31 10:02:08', '2017-12-31 10:02:08'),
(157, 'Lê Văn Luyện ( member_hn )', 'ngocpham19081997@gmail.com', '$2y$10$XdWb7Syc8bfHYUkYObWzXOcoNdA3hCYap.W2NQXgKnPMS0/PgNtsC', 2, 1, 'Nk0qhaf0SBDhij3ArNeFEOfjItAEEqskXzpeMk8RVTbaEa3BRKU2H9Z3eTzQ', '2017-12-31 10:04:25', '2017-12-31 10:04:25'),
(158, 'Nguyễn Hải Dương ( member_dn )', 'phamminhngoc198hd@gmail.com', '$2y$10$4v1GFSK.I.zJc.y24ccR3Oz0L2Ow0M5Bc2u5/ma1hgZg4Kd.vXjnG', 2, 2, 'UydU8ObCuFyQ0C3cr4uB3eIhyMxDJ6uNtErHD5my6Jw8X2Nw1ArhTlNVm2nx', '2017-12-31 10:05:27', '2017-12-31 10:05:27'),
(159, 'Sa Tăng ( sublead_hn )', 'thangtrv97@gmail.com', '$2y$10$/MBVN8yoI8GRFNqLifaOn.mMlZyGVBYYwbxx9cqWEmso7WslQbjsG', 1, 1, 'vOnRzzywLuCxdBPvF71mNa35JRXimF9NQqgN6PGYqiEFnVgQgGm3KZlX77En', '2017-12-31 10:07:48', '2017-12-31 10:07:48'),
(160, 'Bát Giới ( sublead_dn )', 'thangtrv971@gmail.com', '$2y$10$ViAoUjR/RM5pQQ3QDYACh.RQlFKJD8WZ79zsgeP8/E8rHuMdNvn4C', 1, 2, 'josJ3lSPkJSy4C2FghQsOGHnExf1tRoDK4biDWvW2EbnKP42qbaQ02pp4Oet', '2017-12-31 10:08:57', '2017-12-31 10:08:57'),
(161, 'Ngộ Không ( leader_hn )', 'thangtrv972@gmail.com', '$2y$10$vWZMd8X0eZ8yHTnp1VdxS.hn004ADuGyaGOK4obGDliVo.avPM0ba', 0, 1, 'GAcmuq4hjLgobeGeY8qLUHCaGzHdYUKjJGx7K1AugnRPPGqdDKQ0hvNLONuC', '2017-12-31 10:09:51', '2017-12-31 10:09:51'),
(162, 'Tam Tạng ( leader_dn )', 'thangtr971@gmail.com', '$2y$10$3HUohz4FVpL9aOKR241EIOE1ZGaaIm.5s/QpcLfqo1gPTfwz3Ktii', 0, 2, 'HIFp8jqQzLdcC92kchnfmM5v6enPGUqHN7vst4Re', '2017-12-31 10:12:06', '2017-12-31 10:12:06');

--
-- Indexes for dumped tables
--

--
-- Indexes for table `migrations`
--
ALTER TABLE `migrations`
  ADD PRIMARY KEY (`id`);

--
-- Indexes for table `password_resets`
--
ALTER TABLE `password_resets`
  ADD KEY `password_resets_email_index` (`email`);

--
-- Indexes for table `teams`
--
ALTER TABLE `teams`
  ADD PRIMARY KEY (`id`);

--
-- Indexes for table `tickets`
--
ALTER TABLE `tickets`
  ADD PRIMARY KEY (`id`),
  ADD KEY `tickets_create_by_foreign` (`create_by`),
  ADD KEY `tickets_assigned_to_foreign` (`assigned_to`),
  ADD KEY `tickets_team_id_foreign` (`team_id`);

--
-- Indexes for table `ticket_atrributes`
--
ALTER TABLE `ticket_atrributes`
  ADD PRIMARY KEY (`id`);

--
-- Indexes for table `ticket_images`
--
ALTER TABLE `ticket_images`
  ADD KEY `ticket_images_ticket_id_foreign` (`ticket_id`);

--
-- Indexes for table `ticket_reads`
--
ALTER TABLE `ticket_reads`
  ADD PRIMARY KEY (`id`),
  ADD KEY `ticket_reads_ticket_id_foreign` (`ticket_id`),
  ADD KEY `ticket_reads_reader_id_foreign` (`reader_id`);

--
-- Indexes for table `ticket_relaters`
--
ALTER TABLE `ticket_relaters`
  ADD KEY `ticket_relaters_ticket_id_foreign` (`ticket_id`),
  ADD KEY `ticket_relaters_employee_id_foreign` (`employee_id`);

--
-- Indexes for table `ticket_threads`
--
ALTER TABLE `ticket_threads`
  ADD PRIMARY KEY (`id`),
  ADD KEY `ticket_threads_ticket_id_foreign` (`ticket_id`),
  ADD KEY `ticket_threads_employee_id_foreign` (`employee_id`);

--
-- Indexes for table `users`
--
ALTER TABLE `users`
  ADD PRIMARY KEY (`id`),
  ADD UNIQUE KEY `users_email_unique` (`email`);

--
-- AUTO_INCREMENT for dumped tables
--

--
-- AUTO_INCREMENT for table `migrations`
--
ALTER TABLE `migrations`
  MODIFY `id` int(10) UNSIGNED NOT NULL AUTO_INCREMENT, AUTO_INCREMENT=10;
--
-- AUTO_INCREMENT for table `teams`
--
ALTER TABLE `teams`
  MODIFY `id` int(10) UNSIGNED NOT NULL AUTO_INCREMENT, AUTO_INCREMENT=3;
--
-- AUTO_INCREMENT for table `tickets`
--
ALTER TABLE `tickets`
  MODIFY `id` int(10) UNSIGNED NOT NULL AUTO_INCREMENT, AUTO_INCREMENT=141;
--
-- AUTO_INCREMENT for table `ticket_atrributes`
--
ALTER TABLE `ticket_atrributes`
  MODIFY `id` int(10) UNSIGNED NOT NULL AUTO_INCREMENT;
--
-- AUTO_INCREMENT for table `ticket_reads`
--
ALTER TABLE `ticket_reads`
  MODIFY `id` int(10) UNSIGNED NOT NULL AUTO_INCREMENT, AUTO_INCREMENT=519;
--
-- AUTO_INCREMENT for table `ticket_threads`
--
ALTER TABLE `ticket_threads`
  MODIFY `id` int(10) UNSIGNED NOT NULL AUTO_INCREMENT, AUTO_INCREMENT=144;
--
-- AUTO_INCREMENT for table `users`
--
ALTER TABLE `users`
  MODIFY `id` int(10) UNSIGNED NOT NULL AUTO_INCREMENT, AUTO_INCREMENT=163;
--
-- Constraints for dumped tables
--

--
-- Constraints for table `tickets`
--
ALTER TABLE `tickets`
  ADD CONSTRAINT `tickets_assigned_to_foreign` FOREIGN KEY (`assigned_to`) REFERENCES `users` (`id`) ON DELETE CASCADE,
  ADD CONSTRAINT `tickets_create_by_foreign` FOREIGN KEY (`create_by`) REFERENCES `users` (`id`) ON DELETE CASCADE,
  ADD CONSTRAINT `tickets_team_id_foreign` FOREIGN KEY (`team_id`) REFERENCES `teams` (`id`) ON DELETE CASCADE;

--
-- Constraints for table `ticket_images`
--
ALTER TABLE `ticket_images`
  ADD CONSTRAINT `ticket_images_ticket_id_foreign` FOREIGN KEY (`ticket_id`) REFERENCES `tickets` (`id`) ON DELETE CASCADE;

--
-- Constraints for table `ticket_reads`
--
ALTER TABLE `ticket_reads`
  ADD CONSTRAINT `ticket_reads_reader_id_foreign` FOREIGN KEY (`reader_id`) REFERENCES `users` (`id`) ON DELETE CASCADE,
  ADD CONSTRAINT `ticket_reads_ticket_id_foreign` FOREIGN KEY (`ticket_id`) REFERENCES `tickets` (`id`) ON DELETE CASCADE;

--
-- Constraints for table `ticket_relaters`
--
ALTER TABLE `ticket_relaters`
  ADD CONSTRAINT `ticket_relaters_employee_id_foreign` FOREIGN KEY (`employee_id`) REFERENCES `users` (`id`) ON DELETE CASCADE,
  ADD CONSTRAINT `ticket_relaters_ticket_id_foreign` FOREIGN KEY (`ticket_id`) REFERENCES `tickets` (`id`) ON DELETE CASCADE;

--
-- Constraints for table `ticket_threads`
--
ALTER TABLE `ticket_threads`
  ADD CONSTRAINT `ticket_threads_employee_id_foreign` FOREIGN KEY (`employee_id`) REFERENCES `users` (`id`) ON DELETE CASCADE,
  ADD CONSTRAINT `ticket_threads_ticket_id_foreign` FOREIGN KEY (`ticket_id`) REFERENCES `tickets` (`id`) ON DELETE CASCADE;

/*!40101 SET CHARACTER_SET_CLIENT=@OLD_CHARACTER_SET_CLIENT */;
/*!40101 SET CHARACTER_SET_RESULTS=@OLD_CHARACTER_SET_RESULTS */;
/*!40101 SET COLLATION_CONNECTION=@OLD_COLLATION_CONNECTION */;
